course,url,about,fees,faculty_names,category,fee_source
B Sc Hons Agriculture,https://cutm.ac.in/courses/b-sc-hons-agriculture,,"₹1,50,000/year — Paralakhemundi",,Agriculture,Official CUTM fee structure / course page; checked 2026
Master Of Agriculture Science In Soil Science,https://cutm.ac.in/courses/master-of-agriculture-science-in-soil-science/,,"₹1,50,000/year — Paralakhemundi",,Agriculture,Official CUTM fee structure / course page; checked 2026
Master Of Agriculture Science In Seed Science Technology,https://cutm.ac.in/courses/master-of-agriculture-science-in-seed-science-technology/,,"₹1,50,000/year — Paralakhemundi",,Agriculture,Official CUTM fee structure / course page; checked 2026
Master Of Agriculture Science In Plant Pathology,https://cutm.ac.in/courses/master-of-agriculture-science-in-plant-pathology/,,"₹1,50,000/year — Paralakhemundi",,Agriculture,Official CUTM fee structure / course page; checked 2026
Master Of Agriculture Science In Horticulture Vegetable Science,https://cutm.ac.in/courses/master-of-agriculture-science-in-horticulture-vegetable-science/,,"₹2,00,000/year — Paralakhemundi",,Agriculture,Official CUTM fee structure / course page; checked 2026
Master Of Agriculture Science In Genetics Plant Breeding,https://cutm.ac.in/courses/master-of-agriculture-science-in-genetics-plant-breeding/,,"₹2,00,000/year — Paralakhemundi",,Agriculture,Official CUTM fee structure / course page; checked 2026
Master Of Agriculture Science In Entomology,https://cutm.ac.in/courses/master-of-agriculture-science-in-entomology/,,"₹1,50,000/year — Paralakhemundi",,Agriculture,Official CUTM fee structure / course page; checked 2026
Master Of Agriculture Science In Agronomy,https://cutm.ac.in/courses/master-of-agriculture-science-in-agronomy/,,"₹2,50,000/year — Paralakhemundi",,Agriculture,Official CUTM fee structure / course page; checked 2026
Master Of Agriculture Science In Agriculture Extension And Communication,https://cutm.ac.in/courses/master-of-agriculture-science-in-agriculture-extension-and-communication,,"₹2,00,000/year — Paralakhemundi",,Agriculture,Official CUTM fee structure / course page; checked 2026
Ph D In Agriculture,https://cutm.ac.in/courses/ph-d-in-agriculture/,,Not listed on current course-fee table,,Agriculture,Official CUTM fee structure / course page; checked 2026
